{
  "description": "",
  "formats": [
    "oas2",
    "oas3",
    "oas3.0",
    "oas3.1"
  ],
  "aliases": {
    "sf_All_String_Properties": {
      "description": "All properties of type 'string'",
      "targets": [
        {
          "formats": [
            "oas3"
          ],
          "given": [
            "$..properties[?(@.type == 'string')]",
            "$..[?(@.type == 'string')]"
          ]
        }
      ]
    },
    "sf_All_Properties": {
      "description": "All properties across all the models definitions/schemas",
      "targets": [
        {
          "formats": [
            "oas3"
          ],
          "given": [
            "$..properties[*]",
            "$..[?(@.type == 'integer')]",
            "$..[?(@.type == 'string')]",
            "$..[?(@.type == 'number')]"
          ]
        }
      ]
    },
    "sf_All_Number_Properties": {
      "description": "All properties of type 'number'",
      "targets": [
        {
          "formats": [
            "oas3"
          ],
          "given": [
            "$..properties[?(@.type == 'number')]",
            "$..[?(@.type == 'number')]"
          ]
        }
      ]
    },
    "sf_All_Integer_Properties": {
      "description": "All properties of type 'integer'",
      "targets": [
        {
          "formats": [
            "oas3"
          ],
          "given": [
            "$..properties[?(@.type == 'integer')]",
            "$..[?(@.type == 'integer')]"
          ]
        }
      ]
    },
    "sf_All_Models": {
      "description": "All models definitions/schemas ",
      "targets": [
        {
          "formats": [
            "oas3"
          ],
          "given": [
            "$.components.schemas.*"
          ]
        }
      ]
    },
    "sf_All_Response_Schemas": {
      "description": "All models definitions/schemas specified in all the operation responses",
      "targets": [
        {
          "formats": [
            "oas3"
          ],
          "given": [
            "$..paths.*.*.responses.*.content.*.schema",
            "$..responses..schema"
          ]
        }
      ]
    },
    "sf_All_Response_Header_Names": {
      "description": "Names of all the headers returned in all the API operation responses",
      "targets": [
        {
          "formats": [
            "oas3"
          ],
          "given": [
            "$..responses..headers.*~"
          ]
        }
      ]
    },
    "sf_All_Property_Names": {
      "description": "Names of all the properties across all the model definitions/schemas",
      "targets": [
        {
          "formats": [
            "oas3"
          ],
          "given": [
            "$..properties[*]~"
          ]
        }
      ]
    },
    "sf_All_Response_MediaTypes": {
      "description": "Media types used in the API operation responses ",
      "targets": [
        {
          "formats": [
            "oas3"
          ],
          "given": [
            "#Operation_Responses...content.*~"
          ]
        }
      ]
    },
    "sf_All_Object_Properties": {
      "description": "All properties of type 'object'\n\n",
      "targets": [
        {
          "formats": [
            "oas3"
          ],
          "given": [
            "$..properties[?(@.type == 'object')]"
          ]
        }
      ]
    },
    "sf_All_Array_Items_Properties": {
      "description": "Targets the 'items' property in all the array type of properties",
      "targets": [
        {
          "formats": [
            "oas3"
          ],
          "given": [
            "$..[?(@ && @.type=='array')].items.type"
          ]
        }
      ]
    },
    "sf_All_Model_Names": {
      "description": "The names of all model definitions/schemas",
      "targets": [
        {
          "formats": [
            "oas3"
          ],
          "given": [
            "$.components.schemas.*~"
          ]
        }
      ]
    },
    "sf_All_Model_Required_Field": {
      "description": "",
      "targets": [
        {
          "formats": [
            "oas3"
          ],
          "given": [
            "$.components.schemas"
          ]
        }
      ]
    },
    "sf_All_Enum": {
      "description": "",
      "targets": [
        {
          "formats": [
            "oas3"
          ],
          "given": [
            "$.components.schemas.*.properties.*"
          ]
        }
      ]
    },
    "sf_Object_Properties": {
      "description": "",
      "targets": [
        {
          "formats": [
            "oas3"
          ],
          "given": [
            "$.components.schemas[?(@.type=='object')]"
          ]
        }
      ]
    },
    "sf_All_Date_Properties": {
      "description": "",
      "targets": [
        {
          "formats": [
            "oas3"
          ],
          "given": [
            "$.components.schemas..properties[?(@.type == 'string' && @.format == 'date-time')]"
          ]
        }
      ]
    },
    "sf_Response_4XX-5XX_Ref": {
      "description": "",
      "targets": [
        {
          "formats": [
            "oas3"
          ],
          "given": [
            "$.paths[*][*].responses[?(@property >= 400 && @property < 600)]"
          ]
        }
      ]
    },
    "sf_Problem_Json_Model": {
      "description": "",
      "targets": [
        {
          "formats": [
            "oas3"
          ],
          "given": [
            "$.components.schemas.ProblemJson"
          ]
        }
      ]
    },
    "sf_All_None_Ref_Properties": {
      "description": "",
      "targets": [
        {
          "formats": [
            "oas3"
          ],
          "given": [
            "$..properties[?(!(@.$ref))]"
          ]
        }
      ]
    },
    "API_Document": {
      "description": "The complete API specification document. This can be used to target any part of the OpenAPI document using **field**.\n\n*Use this if you don't find specific targets that cater to your usecase.* ",
      "targets": [
        {
          "formats": [
            "oas2"
          ],
          "given": [
            "$"
          ]
        },
        {
          "formats": [
            "oas3"
          ],
          "given": [
            "$"
          ]
        }
      ]
    },
    "API_Description": {
      "description": "The top level description in an API document",
      "targets": [
        {
          "formats": [
            "oas2"
          ],
          "given": [
            "$.info.description"
          ]
        },
        {
          "formats": [
            "oas3"
          ],
          "given": [
            "$.info.description"
          ]
        }
      ]
    },
    "Operation_Object": {
      "description": "The complete operation object. Use it in combo with field object.",
      "targets": [
        {
          "formats": [
            "oas2"
          ],
          "given": [
            "#Path_Item[get,put,post,delete,options,head,patch,trace]"
          ]
        },
        {
          "formats": [
            "oas3"
          ],
          "given": [
            "#Path_Item[get,put,post,delete,options,head,patch,trace]"
          ]
        }
      ]
    },
    "Operation_Responses": {
      "description": "Responses for all operations including get, put, post, delete, options, head, patch, trace.",
      "targets": [
        {
          "formats": [
            "oas2"
          ],
          "given": [
            "#Operation_Object.responses"
          ]
        },
        {
          "formats": [
            "oas3"
          ],
          "given": [
            "#Operation_Object.responses"
          ]
        }
      ]
    },
    "Path_Item": {
      "description": "",
      "targets": [
        {
          "formats": [
            "oas2"
          ],
          "given": [
            "$.paths[*]"
          ]
        },
        {
          "formats": [
            "oas3"
          ],
          "given": [
            "$.paths[*]"
          ]
        }
      ]
    },
    "API_Contact": {
      "description": "The top level description in an API document",
      "targets": [
        {
          "formats": [
            "oas2"
          ],
          "given": [
            "$.info.contact"
          ]
        },
        {
          "formats": [
            "oas3"
          ],
          "given": [
            "$.info.contact"
          ]
        }
      ]
    },
    "API_License": {
      "description": "The top level description in an API document",
      "targets": [
        {
          "formats": [
            "oas2"
          ],
          "given": [
            "$.info.license"
          ]
        },
        {
          "formats": [
            "oas3"
          ],
          "given": [
            "$.info.license"
          ]
        }
      ]
    },
    "All_Markdown": {
      "description": "All markdown descriptions across the document.",
      "targets": [
        {
          "formats": [
            "oas2"
          ],
          "given": [
            "$..[description,title]"
          ]
        },
        {
          "formats": [
            "oas3"
          ],
          "given": [
            "$..[description,title]"
          ]
        }
      ]
    },
    "API_Tags": {
      "description": "Tags on an API object",
      "targets": [
        {
          "formats": [
            "oas2"
          ],
          "given": [
            "#Operation_Object.tags"
          ]
        },
        {
          "formats": [
            "oas3"
          ],
          "given": [
            "#Operation_Object.tags"
          ]
        }
      ]
    },
    "All_Servers": {
      "description": "API hosts defined in the API specification",
      "targets": [
        {
          "formats": [
            "oas3"
          ],
          "given": [
            "$.servers[*]",
            "#Path_Item.servers[*]",
            "#Operation_Object.servers[*]",
            "#Link_Object.server"
          ]
        },
        {
          "formats": [
            "oas2"
          ],
          "given": [
            "$.host"
          ]
        }
      ]
    },
    "Response_All_Object": {
      "description": "All responses (object) in an API",
      "targets": [
        {
          "formats": [
            "oas2"
          ],
          "given": [
            "$.responses",
            "#Operation_Responses",
            "$..responses"
          ]
        },
        {
          "formats": [
            "oas3"
          ],
          "given": [
            "$.components.responses",
            "#Operation_Responses",
            "$..responses"
          ]
        }
      ]
    },
    "API_Server_URL": {
      "description": "API host urls defined in the API specification",
      "targets": [
        {
          "formats": [
            "oas3"
          ],
          "given": [
            "$.servers[*].url"
          ]
        },
        {
          "formats": [
            "oas2"
          ],
          "given": [
            "$.host"
          ]
        }
      ]
    },
    "All_Ref": {
      "description": "All references throughout the API",
      "targets": [
        {
          "formats": [
            "oas2"
          ],
          "given": [
            "$..[?(@property === '$ref')]"
          ]
        },
        {
          "formats": [
            "oas3"
          ],
          "given": [
            "$..[?(@property === '$ref')]"
          ]
        }
      ]
    },
    "All_Enum_Object": {
      "description": "All references throughout the API",
      "targets": [
        {
          "formats": [
            "oas2"
          ],
          "given": [
            "$..[?(@ && @.enum)]"
          ]
        },
        {
          "formats": [
            "oas3"
          ],
          "given": [
            "$..[?(@ && @.enum)]"
          ]
        }
      ]
    },
    "Request_Parameter_All": {
      "description": "All request parameters",
      "targets": [
        {
          "formats": [
            "oas2"
          ],
          "given": [
            "$..parameters[*]"
          ]
        },
        {
          "formats": [
            "oas3"
          ],
          "given": [
            "$..parameters[*]"
          ]
        }
      ]
    },
    "Request_Parameter_Query": {
      "description": "All request query parameters",
      "targets": [
        {
          "formats": [
            "oas2"
          ],
          "given": [
            "$..parameters[?(@ && @.in==\"query\")]"
          ]
        },
        {
          "formats": [
            "oas3"
          ],
          "given": [
            "$..parameters[?(@ && @.in==\"query\")]"
          ]
        }
      ]
    },
    "Request_Parameter_Header": {
      "description": "All request header parameters",
      "targets": [
        {
          "formats": [
            "oas2"
          ],
          "given": [
            "$..parameters[?(@ && @.in==\"header\")]"
          ]
        },
        {
          "formats": [
            "oas3"
          ],
          "given": [
            "$..parameters[?(@ && @.in==\"header\")]"
          ]
        }
      ]
    },
    "Request_Parameter_Cookie": {
      "description": "All request cookie parameters",
      "targets": [
        {
          "formats": [
            "oas2"
          ],
          "given": [
            "$..parameters[?(@ && @.in==\"cookie\")]"
          ]
        },
        {
          "formats": [
            "oas3"
          ],
          "given": [
            "$..parameters[?(@ && @.in==\"cookie\")]"
          ]
        }
      ]
    },
    "Request_Parameter_Path": {
      "description": "All request path parameters",
      "targets": [
        {
          "formats": [
            "oas2"
          ],
          "given": [
            "$..parameters[?(@ && @.in==\"path\")]"
          ]
        },
        {
          "formats": [
            "oas3"
          ],
          "given": [
            "$..parameters[?(@ && @.in==\"path\")]"
          ]
        }
      ]
    },
    "Path_Object": {
      "description": "Path object. Usually used to target the Path key e.g. `/users/{userId}`",
      "targets": [
        {
          "formats": [
            "oas2"
          ],
          "given": [
            "$.paths"
          ]
        },
        {
          "formats": [
            "oas3"
          ],
          "given": [
            "$.paths"
          ]
        }
      ]
    },
    "All_Example_Schema": {
      "description": "All examples for schemas",
      "targets": [
        {
          "formats": [
            "oas2"
          ],
          "given": [
            "$..definitions..[?(@property !== 'properties' && @ && (@.example !== void 0 || @['x-example'] !== void 0 || @.default !== void 0) && (@.enum || @.type || @.format || @.$ref || @.properties || @.items))]",
            "$..parameters..[?(@property !== 'properties' && @ && (@.example !== void 0 || @['x-example'] !== void 0 || @.default !== void 0) && (@.enum || @.type || @.format || @.$ref || @.properties || @.items))]",
            "$..responses..[?(@property !== 'properties' && @ && (@.example !== void 0 || @['x-example'] !== void 0 || @.default !== void 0) && (@.enum || @.type || @.format || @.$ref || @.properties || @.items))]"
          ]
        },
        {
          "formats": [
            "oas3"
          ],
          "given": [
            "$.components.schemas..[?(@property !== 'properties' && @ && (@ && @.example !== void 0 || @.default !== void 0) && (@.enum || @.type || @.format || @.$ref || @.properties || @.items))]",
            "$..content..[?(@property !== 'properties' && @ && (@ && @.example !== void 0 || @.default !== void 0) && (@.enum || @.type || @.format || @.$ref || @.properties || @.items))]",
            "$..headers..[?(@property !== 'properties' && @ && (@ && @.example !== void 0 || @.default !== void 0) && (@.enum || @.type || @.format || @.$ref || @.properties || @.items))]",
            "$..parameters..[?(@property !== 'properties' && @ && (@ && @.example !== void 0 || @.default !== void 0) && (@.enum || @.type || @.format || @.$ref || @.properties || @.items))]"
          ]
        }
      ]
    },
    "API_Document_RecursiveSearch": {
      "description": "The complete API specification document. This can be used to target any part of the OpenAPI document using **field**.\n\n*Use this if you don't find specific targets that cater to your usecase.* ",
      "targets": [
        {
          "formats": [
            "oas2"
          ],
          "given": [
            "$.."
          ]
        },
        {
          "formats": [
            "oas3"
          ],
          "given": [
            "$.."
          ]
        }
      ]
    },
    "All_Example": {
      "description": "All examples across the API document",
      "targets": [
        {
          "formats": [
            "oas2"
          ],
          "given": [
            "$..examples[*]"
          ]
        },
        {
          "formats": [
            "oas3"
          ],
          "given": [
            "$.components.examples[*]",
            "$.paths[*][*]..content[*].examples[*]",
            "$.paths[*][*]..parameters[*].examples[*]",
            "$.components.parameters[*].examples[*]",
            "$.paths[*][*]..headers[*].examples[*]",
            "$.components.headers[*].examples[*]"
          ]
        }
      ]
    },
    "All_Example_Media": {
      "description": "All examples for schemas",
      "targets": [
        {
          "formats": [
            "oas2"
          ],
          "given": [
            "$..responses..[?(@ && @.schema && @.examples)]"
          ]
        },
        {
          "formats": [
            "oas3"
          ],
          "given": [
            "$..content..[?(@ && @.schema && (@.example !== void 0 || @.examples))]",
            "$..headers..[?(@ && @.schema && (@.example !== void 0 || @.examples))]",
            "$..parameters..[?(@ && @.schema && (@.example !== void 0 || @.examples))]"
          ]
        }
      ]
    },
    "API_Tags_Item": {
      "description": "Tags on an API object",
      "targets": [
        {
          "formats": [
            "oas2"
          ],
          "given": [
            "$.tags[*]"
          ]
        },
        {
          "formats": [
            "oas3"
          ],
          "given": [
            "$.tags[*]"
          ]
        }
      ]
    },
    "All_Enum_Value": {
      "description": "All enum values throughout the API",
      "targets": [
        {
          "formats": [
            "oas2"
          ],
          "given": [
            "$..[?(@ && @.enum)].enum[*]"
          ]
        },
        {
          "formats": [
            "oas3"
          ],
          "given": [
            "$..[?(@ && @.enum)].enum[*]"
          ]
        }
      ]
    },
    "Link_Object": {
      "description": "",
      "targets": [
        {
          "formats": [
            "oas3"
          ],
          "given": [
            "$.components.links[*]",
            "#Response_All_Object.links[*]"
          ]
        }
      ]
    },
    "API_Server": {
      "description": "API hosts defined in the API specification",
      "targets": [
        {
          "formats": [
            "oas3"
          ],
          "given": [
            "$.servers"
          ]
        },
        {
          "formats": [
            "oas2"
          ],
          "given": [
            "$.host"
          ]
        }
      ]
    },
    "All_Array_Item": {
      "description": "",
      "targets": [
        {
          "formats": [
            "oas2"
          ],
          "given": [
            "$..[?(@ && @.type=='array')]"
          ]
        },
        {
          "formats": [
            "oas3"
          ],
          "given": [
            "$..[?(@ && @.type=='array')]"
          ]
        },
        {
          "formats": [
            "oas3.0"
          ],
          "given": [
            "$..[?(@ && @.type=='array')]",
            "$..[?(@ && @.type && @.type.constructor.name === 'Array' && @.type.includes('array'))]"
          ]
        }
      ]
    }
  },
  "rules": {
    "sf_model-description": {
      "given": [
        "#sf_All_Models"
      ],
      "severity": "error",
      "then": {
        "function": "truthy",
        "field": "description"
      },
      "description": "**Model description must be present and non-empty string.**\n\n- Each Model in your schema must include a `description` field.\n- The `description` field must be a non-empty string.\n\n#### Valid Example\n\n```json\n\"UserProfile\": {\n    \"type\": \"object\",\n    \"description\": \"Represents a user's profile information.\",\n    \"properties\": {\n        \"name\": {\n           \"type\": \"string\"\n        }\n    }\n }\n```\n#### Invalid Example\n\n```json\n\"UserProfile\": {\n    \"type\": \"object\",\n    \"properties\": {\n        \"name\": {\n           \"type\": \"string\"\n        }\n    }\n }\n```",
      "message": "Definition description must be present and non-empty string",
      "resolved": true,
      "formats": [
        "oas3.0"
      ]
    },
    "sf_operation-summary-formatted": {
      "given": [
        "#Operation_Object"
      ],
      "severity": "warn",
      "then": {
        "function": "pattern",
        "functionOptions": {
          "match": "^[A-Z][\\s\\S]*\\.$"
        },
        "field": "summary"
      },
      "description": "**Operation Summary Rules:**\n\n- Must start with an uppercase letter\n- Must end with a period (dot)\n\n#### Valid Examples\n```json\n{\n  \"summary\": \"Get user details.\"\n}\n```\n\n#### Invalid Examples\n```json\n{\n  \"summary\": \"get user details\"\n}\n```\n",
      "message": "Operation summary must start with upper case and end with a dot",
      "formats": [
        "oas3.0"
      ]
    },
    "sf_property-description": {
      "given": [
        "#sf_All_None_Ref_Properties"
      ],
      "severity": "error",
      "then": {
        "function": "truthy",
        "field": "description"
      },
      "description": "**Property description must be present and non-empty string.**\n\n\n- Each Property in your schema must include a `description` field.\n- The `description` field must be a non-empty string.\n\n#### Valid Example\n\n```json\n\"User\": {\n    \"type\": \"object\",\n    \"properties\": {\n        \"username\": {\n          \"type\": \"string\",\n          \"description\": \"The username of the user.\"\n        },\n        \"age\": {\n          \"type\": \"integer\",\n          \"description\": \"The age of the user.\"\n        }\n    }\n}\n```\n#### Invalid Example\n```json\n\"User\": {\n    \"type\": \"object\",\n    \"properties\": {\n        \"username\": {\n          \"type\": \"string\",\n        },\n        \"age\": {\n          \"type\": \"integer\",\n          \"description\": \"\"\n        }\n    }\n}\n```",
      "message": "Property description must be present and non-empty string. "
    },
    "sf_definition-name-upper-camel-case": {
      "given": [
        "#sf_All_Model_Names"
      ],
      "severity": "error",
      "then": {
        "function": "pattern",
        "functionOptions": {
          "match": "^[A-Z][a-zA-Z0-9]*$"
        }
      },
      "description": "**Definition names must be in Upper CamelCase:**\n\n- Examples of valid names: `Account`, `UserProfile`, `OrderDetails`, `ProductID`\n- Examples of invalid names:  `account`, `userProfile`, `order_details`, `productid`\n\n#### Valid Json\n```json\n\"Account\": {\n    \"type\": \"object\",\n    \"properties\": {\n        \"accountNumber\": {\n          \"type\": \"string\",\n          \"description\": \"Account number.\"\n        },\n    }\n}\n```\n\n#### Invalid Json\n```json\n\"account\": {\n    \"type\": \"object\",\n    \"properties\": {\n        \"accountNumber\": {\n          \"type\": \"string\",\n          \"description\": \"Account number.\"\n        },\n    }\n}\n```",
      "message": "The definition names must be in the upper CamelCase: ^[A-Z][a-zA-Z0-9]*$"
    },
    "sf_string-property-example": {
      "given": [
        "#sf_All_String_Properties"
      ],
      "severity": "error",
      "then": {
        "function": "truthy",
        "field": "example"
      },
      "description": "**String properties must have an `example` field:**\n\nEvery string property in your schema must include an `example` field to provide sample values.\n\n#### Json Example:\n\n```json\n{\n  \"type\": \"object\",\n  \"properties\": {\n    \"username\": {\n      \"type\": \"string\",\n      \"example\": \"john_doe\"\n    },\n    \"email\": {\n      \"type\": \"string\",\n      \"example\": \"john.doe@example.com\"\n    }\n  }\n}\n",
      "message": "String property must have an `example`."
    },
    "sf_request-header-hyphenated-upper-camel-case": {
      "given": [
        "#Request_Parameter_Header"
      ],
      "severity": "error",
      "then": {
        "function": "pattern",
        "functionOptions": {
          "match": "^([A-Z][a-z0-9]*)(-([A-Z][a-z0-9]*))*$"
        },
        "field": "name"
      },
      "description": "**HTTP Header Fields in request Must Be in Hyphenated-Upper-Camel-Case**\n\nHTTP header fields in request parameters should be formatted using Hyphenated-Upper-Camel-Case. This means each word starts with an uppercase letter and is separated by hyphens.\n\n#### Valid Examples\n```json\n{\n    \"headers\": {\n        \"X-Api-Key\": \"123456\",\n        \"User-Agent\": \"MyApp/1.0\"\n    }\n}\n```\n#### Invalid Examples\n```json\n{\n    \"headers\": {\n        \"x-api-key\": \"123456\", // should be \"X-Api-Key\"\n        \"user-agent\": \"MyApp/1.0\" // should be \"User-Agent\"\n    }\n}\n``",
      "message": "HTTP Header fields in request parameters must be in Hyphenated-Upper-Camel-Case"
    },
    "sf_string-property-pattern": {
      "given": [
        "#sf_All_String_Properties"
      ],
      "severity": "error",
      "then": {
        "function": "truthy",
        "field": "pattern"
      },
      "description": "**The 'Pattern' property must be present and non-empty for string properties**\n\nFor string properties in your schema, the `Pattern` property must be specified and must not be an empty string. This ensures that the string values conform to the expected format.\n\n#### Valid Example\n\n```json\n{\n    \"type\": \"object\",\n    \"properties\": {\n        \"username\": {\n          \"type\": \"string\",\n          \"pattern\": \"^[a-zA-Z0-9_]+$\"\n        }\n    }\n}\n```\n\n#### Invalid Example\n\n```json\n{\n    \"type\": \"object\",\n    \"properties\": {\n        \"username\": {\n          \"type\": \"string\",\n          \"pattern\": \"\"\n        }\n        \"email\": {\n          \"type\": \"string\"\n        }\n    }\n}\n```\n",
      "message": "The 'Pattern' must be present for a string property and non-empty"
    },
    "sf_path-segment-name-lower-camel-case": {
      "given": [
        "#Request_Parameter_Path"
      ],
      "severity": "error",
      "then": {
        "function": "pattern",
        "functionOptions": {
          "match": "^[a-z][a-zA-Z0-9]*$"
        },
        "field": "name"
      },
      "description": "**Path segments (parameters) must be in lower camel case:**\n\n- Path parameters should be written in lower camel case format. This means the first letter should be lowercase, and subsequent words should start with an uppercase letter.\n- Examples of valid names: `userId`, `orderNumber`, `productCode`\n- Examples of invalid names: `UserID`, `order_number`, `PRODUCTCODE`\n\n#### Valid Example\n```json\n\"/users/{userId}\": {\n      \"get\": {\n        \"parameters\": [\n          {\n            \"name\": \"userId\",\n            \"in\": \"path\",\n            \"required\": true,\n            \"schema\": {\n              \"type\": \"string\"\n            }\n          }\n        ]\n      }\n    }\n```\n#### Invalid Example\n```json\n\"/products/{PRODUCTCODE}\": {\n      \"get\": {\n        \"parameters\": [\n          {\n            \"name\": \"PRODUCTCODE\",\n            \"in\": \"path\",\n            \"required\": true,\n            \"schema\": {\n              \"type\": \"string\"\n            }\n          }\n        ]\n      }\n    }\n```\n\n\n",
      "message": "Path segments (parameters) must be in lower camel case: ^[a-z][a-zA-Z0-9]*$"
    },
    "sf_property-name-lower-camel-case": {
      "given": [
        "#sf_All_Property_Names"
      ],
      "severity": "error",
      "then": {
        "function": "pattern",
        "functionOptions": {
          "match": "^[a-z][a-zA-Z0-9]*$"
        }
      },
      "description": "**Property names must be in lower camel case:**\n\n- Examples of valid names: `userName`, `orderId`, `productCode`\n- Examples of invalid names: `UserName`, `order_id`, `ProductCode`\n\n#### Json Example:\n\n```json\n{\n  \"userName\": \"JohnDoe\",\n  \"orderId\": \"12345\",\n  \"productCode\": \"XYZ789\"\n}\n```\n",
      "message": "Property names must be in lower camel case: ^[a-z][a-zA-Z0-9]*$"
    },
    "sf_query-parameter-name-lower-camel-case": {
      "given": [
        "#Request_Parameter_Query"
      ],
      "severity": "error",
      "then": {
        "function": "pattern",
        "functionOptions": {
          "match": "^[a-z][a-zA-Z0-9]*$"
        },
        "field": "name"
      },
      "description": "**Query parameter names must be in lower camel case:**\n\n- Examples of valid names: `userId`, `orderNumber`, `productName`\n- Examples of invalid names: `UserId`, `order_number`, `ProductName`\n\n#### JSON Example:\n\n```json\n{\n  \"parameters\": [\n    {\n      \"name\": \"userId\",\n      \"in\": \"query\",\n      \"required\": true,\n      \"schema\": {\n        \"type\": \"string\"\n      }\n    },\n    {\n      \"name\": \"orderNumber\",\n      \"in\": \"query\",\n      \"required\": true,\n      \"schema\": {\n        \"type\": \"string\"\n      }\n    }\n  ]\n}\n```",
      "message": "Query parameter names must be in lower camel case: ^[a-z][a-zA-Z0-9]*$"
    },
    "sf_response-header-hyphenated-upper-camel-case": {
      "given": [
        "#sf_All_Response_Header_Names"
      ],
      "severity": "error",
      "then": {
        "function": "pattern",
        "functionOptions": {
          "match": "^([A-Z][a-z0-9]*)(-([A-Z][a-z0-9]*))*$"
        }
      },
      "description": "**HTTP Header Fields in Response Must Be in Hyphenated-Upper-Camel-Case**\n\nHTTP header fields in response parameters should be formatted using Hyphenated-Upper-Camel-Case. This means each word starts with an uppercase letter and is separated by hyphens.\n\n#### Valid Examples\n```json\n{\n    \"headers\": {\n        \"X-Api-Key\": \"123456\"\n    }\n}\n```\n#### Invalid Examples\n```json\n{\n    \"headers\": {\n        \"x-api-key\": \"123456\" // should be \"X-Api-Key\"\n    }\n}\n``",
      "message": "HTTP Header fields in response must be in Hyphenated-Upper-Camel-Case",
      "formats": [
        "oas3.0"
      ]
    },
    "sf_definition-type": {
      "given": [
        "#sf_All_Models"
      ],
      "severity": "error",
      "then": {
        "function": "truthy",
        "field": "type"
      },
      "description": "**Model Definitions must have a type**\n\nAll model definitions must include a `type` property to specify the type of the model.\n\n#### JSON Example:\n\n```json\n\"User\": {\n    \"type\": \"object\",\n    \"properties\": {\n      \"id\": {\n        \"type\": \"integer\"\n      },\n      \"name\": {\n        \"type\": \"string\"\n      }\n    }\n}\n```",
      "message": "Model Definitions must have a type"
    },
    "sf_integer-property-min-max": {
      "given": [
        "#sf_All_Integer_Properties"
      ],
      "severity": "error",
      "then": [
        {
          "function": "defined",
          "field": "maximum"
        },
        {
          "function": "defined",
          "field": "minimum"
        },
        {
          "function": "defined",
          "field": "exclusiveMinimum"
        },
        {
          "function": "defined",
          "field": "exclusiveMaximum"
        }
      ],
      "description": "**Integer property must have `minimum`, `maximum`, `exclusiveMinimum`, and `exclusiveMaximum` constraints**\n\nEvery integer property in your schema must include the following constraints:\n\n- `minimum`: The minimum value the integer can take.\n- `maximum`: The maximum value the integer can take.\n- `exclusiveMinimum`: Whether the minimum value is exclusive.\n- `exclusiveMaximum`: Whether the maximum value is exclusive.\n\n#### Json Example:\n\n```json\n{\n  \"type\": \"object\",\n  \"properties\": {\n    \"age\": {\n      \"type\": \"integer\",\n      \"minimum\": 0,\n      \"maximum\": 100,\n      \"exclusiveMinimum\": false,\n      \"exclusiveMaximum\": false\n    },\n    \"score\": {\n      \"type\": \"integer\",\n      \"minimum\": 1,\n      \"maximum\": 10,\n      \"exclusiveMinimum\": true,\n      \"exclusiveMaximum\": true\n    }\n  }\n}\n",
      "message": "Integer property must have minimum, maximum, exclusiveMinimum, and exclusiveMaximum constraints"
    },
    "sf_property-format-for-integer": {
      "given": [
        "#sf_All_Integer_Properties"
      ],
      "severity": "error",
      "then": [
        {
          "function": "truthy",
          "field": "format"
        },
        {
          "function": "pattern",
          "functionOptions": {
            "match": "^int(32|64)$"
          },
          "field": "format"
        }
      ],
      "description": "**Integer properties must have a format and should be either `int32` or `int64`:**\n\n**Formats:**\n  - `int32`: A 32-bit signed integer.\n  - `int64`: A 64-bit signed integer.\n\n#### Valid Examples\n```json\n{\n    \"exampleInt32\": {\n      \"type\": \"integer\",\n      \"format\": \"int32\"\n    },\n    \"exampleInt64\": {\n      \"type\": \"integer\",\n      \"format\": \"int64\"\n    }\n  }\n```\n\n#### Invalid Examples\n```json\n  {\n  \"exampleIntInvalid\": {\n    \"type\": \"integer\",\n    \"format\": \"int16\"\n  },\n  \"anotherInvalidInt\": {\n    \"type\": \"integer\"\n  }\n}\n```",
      "message": "Integer property must have a format and it should be either int32 or int64"
    },
    "sf_property-format-for-number": {
      "given": [
        "#sf_All_Number_Properties"
      ],
      "severity": "error",
      "then": {
        "function": "falsy",
        "field": "format"
      },
      "description": "**Rule: The \"Number\" type of properties should not have a format attribute.**\n\nAll numbers are considered in the `BigDecimal` format.\n\n\n#### Valid JSON\n\n```json\n{\n  \"example\": {\n    \"type\": \"number\"\n    // No format attribute present.\n  }\n}\n```\n\n#### Invalid JSON\n\n```json\n{\n  \"example\": {\n    \"type\": \"number\",\n    \"format\": \"float\"  // Invalid: Number properties should not have a format attribute.\n  }\n}\n```",
      "message": "The \"Number\" type of properties should not have a format attribute. All numbers are considered in the 'BigDecimal' format."
    },
    "sf_property-type": {
      "given": [
        "#sf_All_None_Ref_Properties"
      ],
      "severity": "error",
      "then": {
        "function": "defined",
        "field": "type"
      },
      "description": "**Property must have a type**\n\n- Every property in your schema must have a defined type.\n\n#### Valid Examples\n```json\n{\n    \"type\": \"object\",\n    \"properties\": {\n      \"name\": {\n        \"type\": \"string\"\n      },\n      \"age\": {\n        \"type\": \"integer\"\n      }\n    },\n    \"required\": [\"name\", \"age\"]\n  }\n```\n\n#### Invalid Examples\n  ```json\n  {\n    \"type\": \"object\",\n    \"properties\": {\n      \"name\": {\n        \"type\": \"string\"\n      },\n      \"age\": {\n      }\n    },\n    \"required\": [\"name\", \"age\"]\n  }\n```\n\n",
      "message": "Property must have a type."
    },
    "sf_string-property-min-max": {
      "given": [
        "#sf_All_String_Properties"
      ],
      "severity": "error",
      "then": [
        {
          "function": "defined",
          "field": "minLength"
        },
        {
          "function": "defined",
          "field": "maxLength"
        }
      ],
      "description": "**`minLength` and `maxLength` constraints must be present for string properties.**\n\n All string properties must have both `minLength` and `maxLength` constraints defined. This ensures that the length of the string values is appropriately restricted.\n\n#### Valid Examples\n```json\n{\n    \"type\": \"object\",\n    \"properties\": {\n        \"username\": {\n          \"type\": \"string\",\n          \"minLength\": 3,\n          \"maxLength\": 20\n        },\n        \"password\": {\n          \"type\": \"string\",\n          \"minLength\": 8,\n          \"maxLength\": 50\n        }\n    }\n}\n```\n\n#### Invalid Examples\n```json\n{\n    \"type\": \"object\",\n    \"properties\": {\n        \"username\": {\n          \"type\": \"string\",\n          \"maxLength\": 20\n        },\n        \"password\": {\n          \"type\": \"string\"\n        }\n    }\n}\n```\n\n",
      "message": "minLength and maxLength constraints must be present for the string property"
    },
    "sf_inline-model-ref": {
      "given": [
        "#sf_All_Object_Properties"
      ],
      "severity": "error",
      "then": {
        "function": "pattern",
        "functionOptions": {
          "match": "^object$",
          "notMatch": ""
        },
        "field": "type"
      },
      "description": "**Model must not contain another model inline. `#Ref` property should be used instead.**\n\nIn OpenAPI definitions, models should not contain other models directly inline. Instead, use the `$ref` property to reference other models.\n\n#### Json Example\n\n```json\n{\n  \"components\": {\n    \"schemas\": {\n      \"User\": {\n        \"type\": \"object\",\n        \"properties\": {\n          \"id\": {\n            \"type\": \"string\"\n          },\n          \"profile\": {\n            \"$ref\": \"#/components/schemas/Profile\"\n          }\n        }\n      },\n      \"Profile\": {\n        \"type\": \"object\",\n        \"properties\": {\n          \"firstName\": {\n            \"type\": \"string\"\n          },\n          \"lastName\": {\n            \"type\": \"string\"\n          }\n        }\n      }\n    }\n  }\n}\n",
      "message": "Model must not contain another model inline. #Ref property should be used instead",
      "resolved": false
    },
    "sf_only-local-references": {
      "given": [
        "#All_Ref"
      ],
      "severity": "error",
      "then": {
        "function": "pattern",
        "functionOptions": {
          "match": "^#\\/components"
        }
      },
      "description": "**Only local schema references must be used.**\n\n  All schema references should be local to the current document. External schema references are not allowed.\n\n#### Valid Example\n  ```json\n  {\n    \"$ref\": \"#/components/schemas/User\"\n  }\n  ```\n#### Invalid Example\n  ```json\n  {\n    \"$ref\": \"https://example.com/schemas/User\"\n  }\n  ```",
      "message": "Only local schema references must be used. "
    },
    "sf_number-property-example": {
      "given": [
        "#sf_All_Number_Properties"
      ],
      "severity": "error",
      "then": {
        "function": "truthy",
        "field": "example"
      },
      "description": "**Number property must have an `example`:**\n\nEach number property in your JSON schema must include an `example` field to provide a sample value. This ensures better documentation and understanding of the expected data format.\n\n #### Json Example \n\n```json\n{\n  \"type\": \"object\",\n  \"properties\": {\n    \"age\": {\n      \"type\": \"number\",\n      \"description\": \"The age of the person\",\n      \"example\": 30\n    },\n    \"price\": {\n      \"type\": \"number\",\n      \"description\": \"The price of the item\",\n      \"example\": 99.99\n    }\n  },\n  \"required\": [\"age\", \"price\"]\n}\n",
      "message": "Number property must have an `example`"
    },
    "sf_integer-property-example": {
      "given": [
        "#sf_All_Integer_Properties"
      ],
      "severity": "error",
      "then": {
        "function": "truthy",
        "field": "example"
      },
      "description": "**Integer property must have an `example`.**\n\nEach integer property in your API specification must include an `example` field to ensure clarity and consistency.\n\n#### Example JSON\n```json\n{\n  \"type\": \"object\",\n  \"properties\": {\n    \"age\": {\n      \"type\": \"integer\",\n      \"example\": 30\n    }\n  }\n}\n```\n#### Valid Example\n```json\n{\n  \"type\": \"integer\",\n  \"example\": 123\n}\n```\n\n#### Invalid Example\n```json\n{\n  \"type\": \"integer\"\n}\n```\n\n\n",
      "message": "Integer property must have an `example`"
    },
    "sf_model-required-field": {
      "given": [
        "#sf_All_Model_Required_Field"
      ],
      "severity": "warn",
      "then": {
        "function": "sfRequiredFieldCheck"
      },
      "description": "This rule ensures that an object model in your OpenAPI specification has at least one required field. Additionally, the specified required fields must be present in the `properties` of the object model.\n\n#### Valid Json\n\n```json\n{\n  \"type\": \"object\",\n  \"properties\": {\n    \"name\": {\n      \"type\": \"string\"\n    },\n    \"age\": {\n      \"type\": \"integer\"\n    }\n  },\n  \"required\": [\"name\"]\n}\n```\n\n#### Valid Json\n\n```json\n{\n  \"type\": \"object\",\n  \"properties\": {\n    \"name\": {\n      \"type\": \"string\"\n    }\n  },\n  \"required\": [\"age\"]\n}\n```",
      "message": "Object model should have at least one required field and the mentioned fields should be present in the properties ",
      "resolved": false
    },
    "sf_response-4XX-5XX-json-problem": {
      "given": [
        "#sf_Response_4XX-5XX_Ref"
      ],
      "severity": "error",
      "then": {
        "function": "sfCheckJsonProblem"
      },
      "description": "This rule ensures that all API responses with status codes in the 4XX or 5XX range (client and server errors) must return a ProblemJson model.\n\n#### Valid json\n\n```json\n{\n  \"paths\": {\n    \"/example\": {\n      \"get\": {\n        \"responses\": {\n          \"500\": {\n            \"description\": \"Internal Server Error\",\n            \"content\": {\n              \"application/json\": {\n                \"schema\": {\n                  \"type\": \"object\",\n                  \"required\": [\"type\", \"title\", \"status\"],\n                  \"properties\": {\n                    \"type\": {\n                      \"type\": \"string\",\n                      \"example\": \"https://example.com/error\"\n                    },\n                    \"title\": {\n                      \"type\": \"string\",\n                      \"example\": \"Internal Server Error\"\n                    },\n                    \"status\": {\n                      \"type\": \"integer\",\n                      \"format\": \"int32\",\n                      \"example\": 500\n                    },\n                    \"detail\": {\n                      \"type\": \"string\",\n                      \"example\": \"An unexpected error occurred.\"\n                    },\n                    \"instance\": {\n                      \"type\": \"string\",\n                      \"example\": \"/example/123\"\n                    }\n                  }\n                }\n              }\n            }\n          }\n        }\n      }\n    }\n  }\n}\n\n```\n\n#### Invalid json\n\n```json\n{\n  \"paths\": {\n    \"/example\": {\n      \"get\": {\n        \"responses\": {\n          \"500\": {\n            \"description\": \"Internal Server Error\"\n            // Missing content.application/json\n          }\n        }\n      }\n    }\n  }\n}\n\n{\n  \"paths\": {\n    \"/example\": {\n      \"get\": {\n        \"responses\": {\n          \"500\": {\n            \"description\": \"Internal Server Error\",\n            \"content\": {\n              \"application/json\": {\n                \"schema\": {\n                  \"type\": \"object\",\n                  \"required\": [\"type\", \"title\", \"status\"],\n                  \"properties\": {\n                    \"type\": {\n                      \"type\": \"string\",\n                      \"example\": \"https://example.com/error\"\n                    },\n                    \"title\": {\n                      \"type\": \"integer\",  // Invalid type, should be string\n                      \"example\": 123\n                    },\n                    \"status\": {\n                      \"type\": \"string\",  // Invalid type, should be integer\n                      \"example\": \"500\"\n                    }\n                  }\n                }\n              }\n            }\n          }\n        }\n      }\n    }\n  }\n}\n\n```",
      "message": "Operation responses with status as 4XX or 5XX must return json problem",
      "resolved": false
    },
    "sf_string-property-enum-check": {
      "given": [
        "#sf_All_Enum"
      ],
      "severity": "error",
      "then": {
        "function": "sfStringPropertiesEnumCheck"
      },
      "description": "This rule validates that if a string property with an `enum` in a schema specifies `pattern`, `minLength`, or `maxLength`, the `enum` values must conform to these constraints.\n\n#### Valid Example\n```json\n{\n  \"components\": {\n    \"schemas\": {\n      \"ExampleSchema\": {\n        \"type\": \"object\",\n        \"properties\": {\n          \"validStringProperty\": {\n            \"type\": \"string\",\n            \"enum\": [\n              \"ABC123\",\n              \"DEF456\"\n            ],\n            \"pattern\": \"^[A-Z]{3}\\\\d{3}$\",\n            \"minLength\": 6,\n            \"maxLength\": 6\n          }\n        }\n      }\n    }\n  }\n}\n```\n\n#### Invalid Example\n```json\n{\n  \"components\": {\n    \"schemas\": {\n      \"ExampleSchema\": {\n        \"type\": \"object\",\n        \"properties\": {\n          \"invalidStringPropertyMinLength\": {\n            \"type\": \"string\",\n            \"enum\": [\n              \"A1\",\n              \"B2\"\n            ],\n            \"pattern\": \"^[A-Z]\\\\d$\",\n            \"minLength\": 3,\n            \"maxLength\": 3\n          }\n        }\n      }\n    }\n  }\n}\n\n```",
      "message": "'pattern', 'minLength' & 'maxLength' if specified, for String property with enum should be as per allowed list of enum values"
    },
    "sf-model-array-items-object-properties": {
      "given": [
        "#sf_All_Array_Items_Properties"
      ],
      "severity": "error",
      "then": {
        "function": "pattern",
        "functionOptions": {
          "match": "",
          "notMatch": "^object$"
        }
      },
      "description": "This rule ensures that array items do not have an inline object definition. Instead, array items should refer to a defined object using `$ref`.\n\n#### Valid Json\n\n```json\n{\n  \"components\": {\n    \"schemas\": {\n      \"MyArrayModel\": {\n        \"type\": \"array\",\n        \"items\": {\n          \"$ref\": \"#/components/schemas/MyObjectModel\"\n        }\n      },\n      \"MyObjectModel\": {\n        \"type\": \"object\",\n        \"properties\": {\n          \"id\": {\n            \"type\": \"string\"\n          }\n        }\n      }\n    }\n  }\n}\n\n```\n\n#### Invalid Json\n\n```json\n{\n  \"components\": {\n    \"schemas\": {\n      \"MyArrayModel\": {\n        \"type\": \"array\",\n        \"items\": {\n          \"type\": \"object\",\n          \"properties\": {\n            \"id\": {\n              \"type\": \"string\"\n            }\n          }\n        }\n      }\n    }\n  }\n}\n\n```\n",
      "message": "Array model should not have inline definition of the object. Use $ref instead.",
      "resolved": false
    },
    "sf_object-model-properties-required": {
      "given": [
        "#sf_Object_Properties"
      ],
      "severity": "error",
      "then": [
        {
          "function": "length",
          "functionOptions": {
            "min": 1
          },
          "field": "properties"
        },
        {
          "function": "truthy",
          "field": "properties"
        }
      ],
      "description": "This rule ensures that object model definitions include a properties field and that this field contains at least one property.\n\n#### Valid Json\n\n```json\n{\n  \"type\": \"object\",\n  \"properties\": {\n    \"name\": {\n      \"type\": \"string\"\n    },\n    \"age\": {\n      \"type\": \"integer\"\n    }\n  }\n}\n\n```\n\n#### Invalid Json\n\n```json\n{\n  \"type\": \"object\"\n}\n\n```\n```json\n{\n  \"type\": \"object\",\n  \"properties\": {}\n}\n\n```",
      "message": "Object model definition must have properties + there should be atleast one property"
    },
    "sf_response-schema-json-object": {
      "given": [
        "#sf_All_Response_Schemas"
      ],
      "severity": "error",
      "then": {
        "function": "pattern",
        "functionOptions": {
          "match": "^object$"
        },
        "field": "type"
      },
      "description": "Ensure that response schemas do not return primitive types (array, string, integer, number) directly. Instead, these types should be wrapped inside an object.\n\n\n#### Valid Json\n\n```json\n{\n  \"type\": \"object\",\n  \"properties\": {\n    \"data\": {\n      \"type\": \"string\"\n    }\n  }\n}\n\n```\n\n#### Invalid Json\n\n```json\n{\n  \"type\": \"string\"\n}\n\n```",
      "message": "Response schema should not return array/string/integer/number in the response instead wrap it inside the object"
    },
    "sf_string-date-property": {
      "given": [
        "#sf_All_Date_Properties"
      ],
      "severity": "error",
      "then": {
        "function": "sfDateFormatCheck"
      },
      "description": "If a string property has a format of `date` or `date-time`, and `minLength` and `maxLength` are specified, they should correctly reflect the length of a valid date or date-time string.\n\n#### valid Json\n\n```json\n{\n  \"type\": \"object\",\n  \"properties\": {\n    \"endDate\": {\n      \"type\": \"string\",\n      \"format\": \"date\",\n      \"minLength\": 10,\n      \"maxLength\": 10,\n      \"example\": \"2023-08-18\"\n    }\n  }\n}\n```\n\n#### Invalid Json\n\n```json\n{\n  \"type\": \"object\",\n  \"properties\": {\n    \"endDate\": {\n      \"type\": \"string\",\n      \"format\": \"date\",\n      \"minLength\": 5,   // Invalid, should match length of a valid date string\n      \"maxLength\": 20,  // Invalid, should match length of a valid date string\n      \"example\": \"2023-08-18\"\n    }\n  }\n}\n```",
      "message": "'minLength' and 'maxLength' if specified, for a string property with format as date / date-time, should be correct",
      "resolved": false
    },
    "sf_problem_json_required_field": {
      "given": [
        "#sf_Problem_Json_Model"
      ],
      "severity": "off",
      "then": [
        {
          "function": "defined",
          "field": "properties.type"
        },
        {
          "function": "defined",
          "field": "properties.title"
        },
        {
          "function": "defined",
          "field": "properties.status"
        }
      ],
      "description": "The ProblemJson model must exist within the OpenAPI specification and include the following required properties and json payload:\n\n- type\n- title\n- status\n\n#### Valid Json Example\n```json\n\"ProblemJson\": {\n  \"title\": \"ProblemJson\",\n  \"description\": \"This schema defines a structured problem details\",\n  \"x-stoplight\": {\n      \"id\": \"xmrewz8ybd807\"\n  },\n  \"type\": \"object\",\n  \"required\": [\n      \"type\",\n      \"title\",\n      \"status\"\n  ],\n  \"properties\": {\n    \"type\": {\n    \"type\": \"string\",\n    \"format\": \"uri\",\n    \"description\": \"A URI reference that identifies the problem type. This specification encourages that, when dereferenced, it provides human-readable documentation for the problem type.\",\n    \"example\": \"https://example.com/probs/out-of-credit\",\n    \"minLength\": 10,\n    \"maxLength\": 2048,\n    \"pattern\": \"^(https?|ftp):\\\\/\\\\/[^\\\\s/$.?#].[^\\\\s]*$\"\n    },\n    \"title\": {\n      \"type\": \"string\",\n      \"description\": \"A short, human-readable summary of the problem type. It SHOULD NOT change from occurrence to occurrence of the problem, except for purposes of localization.\",\n      \"example\": \"Insufficient credit\",\n      \"minLength\": 1,\n      \"maxLength\": 256,\n      \"pattern\": \"^[\\\\w\\\\s-]+$\"\n    },\n    \"status\": {\n      \"type\": \"integer\",\n      \"format\": \"int32\",\n      \"description\": \"The HTTP status code generated by the origin server for this occurrence of the problem.\",\n      \"example\": 400,\n      \"minimum\": 400,\n      \"maximum\": 599,\n      \"exclusiveMinimum\": false,\n      \"exclusiveMaximum\": false\n    },\n    \"detail\": {\n      \"type\": \"string\",\n      \"description\": \"A human-readable explanation specific to this occurrence of the problem.\",\n      \"example\": \"Your account balance is too low to complete this transaction.\",\n      \"minLength\": 1,\n      \"maxLength\": 1024,\n      \"pattern\": \"^[\\\\w\\\\s,.-]+$\"\n    },\n    \"instance\": {\n      \"type\": \"string\",\n      \"format\": \"uri\",\n      \"description\": \"A URI reference that identifies the specific occurrence of the problem. It may or may not yield further information if dereferenced.\",\n      \"example\": \"https://example.com/account/12345/transactions/abc\",\n      \"minLength\": 10,\n      \"maxLength\": 2048,\n      \"pattern\": \"^(https?|ftp):\\\\/\\\\/[^\\\\s/$.?#].[^\\\\s]*$\"\n      \n    }\n  }\n}\n```",
      "message": "The 'ProblemJson' model must exist and include the required properties: 'type', 'title', 'status'."
    },
    "json_check": {
      "given": [
        "#sf_Response_4XX-5XX_Ref"
      ],
      "severity": "error",
      "then": {
        "function": "schema",
        "functionOptions": {
          "schema": {
            "type": "object",
            "properties": {
              "name": {
                "type": "string"
              }
            }
          },
          "dialect": "auto"
        }
      },
      "message": "check json response",
      "resolved": false
    },
    "contact-url": {
      "given": [
        "#API_Contact"
      ],
      "severity": "warn",
      "then": {
        "function": "truthy",
        "field": "url"
      },
      "description": "The `contact` object should have a valid organization URL. \r\n\r\n**Valid Example**\r\n\r\n```json lineNumbers\r\n{\r\n  \"contact\": {\r\n     ... ,\r\n     \"url\": \"https://acme.com\",\r\n     ... \r\n},\r\n```",
      "message": "Contact object should have \"url\"."
    },
    "contact-email": {
      "given": [
        "#API_Contact"
      ],
      "severity": "warn",
      "then": {
        "function": "truthy",
        "field": "email"
      },
      "description": "The `contact` object should have a valid email. \r\n\r\n**Valid Example**\r\n\r\n```json lineNumbers\r\n{\r\n  \"contact\": {\r\n     ... ,\r\n     ... ,\r\n     \"email\": \"support.contact@acme.com\"\r\n},\r\n```",
      "message": "Contact object should have \"email\""
    },
    "info-contact": {
      "given": [
        "#API_Document"
      ],
      "severity": "warn",
      "then": {
        "function": "truthy",
        "field": "info.contact"
      },
      "description": "The `info' object should include a `contact` object.\r\n\r\n**Valid Example**\r\n\r\n```json lineNumbers\r\n{\r\n  \"info\": {\r\n    ... ,\r\n    ... ,\r\n    \"contact\": {\r\n      \"name\": \"ACME Corporation\",\r\n      \"url\": \"https://acme.com\",\r\n      \"email\": \"support.contact@acme.com\"\r\n    }\r\n  } \r\n}\r\n```",
      "message": "Info object should have \"contact\" object."
    },
    "info-description": {
      "given": [
        "#API_Document"
      ],
      "severity": "warn",
      "then": {
        "function": "truthy",
        "field": "info.description"
      },
      "description": "The `info` object should have a `description` object.\r\n\r\n**Valid Example**\r\n\r\n```json lineNumbers\r\n{\r\n  \"info\": {\r\n    ... ,\r\n    ... ,\r\n    \"description\": \"This describes my API.\",\r\n    ... \r\n    }\r\n  } \r\n}\r\n```",
      "message": "Info object should have \"description\" object."
    },
    "info-license": {
      "given": [
        "#API_Document"
      ],
      "severity": "warn",
      "then": {
        "function": "truthy",
        "field": "info.license"
      },
      "description": "The `info` object should have a `license` object. \r\n\r\n**Valid Example**\r\n\r\n```json lineNumbers\r\n{\r\n  \"info\": {\r\n    ... ,\r\n    ... ,\r\n    \"license\": {\r\n      \"name\": \"Attribution-ShareAlike 4.0 International (CC BY-SA 4.0)\",\r\n      \"url\": \"https://creativecommons.org/licenses/by-sa/4.0/\"\r\n    }\r\n  } \r\n}\r\n```",
      "message": "Info object should have \"license\" object."
    },
    "license-url": {
      "given": [
        "#API_License"
      ],
      "severity": "warn",
      "then": {
        "function": "truthy",
        "field": "url"
      },
      "description": "The `license` object should include a valid url.\r\n\r\n**Valid Example**\r\n\r\n```json lineNumbers\r\n{\r\n  \"license\": {\r\n    \"name\": \"Attribution-ShareAlike 4.0 International (CC BY-SA 4.0)\",\r\n    \"url\": \"https://creativecommons.org/licenses/by-sa/4.0/\"\r\n  }\r\n}\r\n```",
      "message": "License object should include \"url\"."
    },
    "no-eval-in-markdown": {
      "given": [
        "#All_Markdown"
      ],
      "severity": "warn",
      "then": {
        "function": "pattern",
        "functionOptions": {
          "notMatch": "eval\\("
        }
      },
      "description": "Markdown descriptions should not contain [`eval()` functions](https://developer.mozilla.org/en-US/docs/Web/JavaScript/Reference/Global_Objects/eval), which pose a security risk. \r\n\r\n**Invalid Example**\r\n\r\n```json lineNumbers\r\n{  \r\n  \"info\": {\r\n    ... ,\r\n    ... , \r\n    \"description\": \"API for users. eval()\"",
      "message": "Markdown descriptions must not have \"eval(\"."
    },
    "no-script-tags-in-markdown": {
      "given": [
        "#All_Markdown"
      ],
      "severity": "warn",
      "then": {
        "function": "pattern",
        "functionOptions": {
          "notMatch": "<script"
        }
      },
      "description": "Markdown descriptions should not contain `script` tags, which pose a security risk. \r\n\r\n**Invalid Example**\r\n\r\n```json lineNumbers\r\n{  \r\n  \"info\": {\r\n    ... ,\r\n    ... , \r\n    \"description\": \"API for users. <script>alert(\"You are Hacked\");</script>',\"\r\n```",
      "message": "Markdown descriptions must not have \"<script>\" tags."
    },
    "openapi-tags-alphabetical": {
      "given": [
        "#API_Document"
      ],
      "severity": "warn",
      "then": {
        "function": "alphabetical",
        "functionOptions": {
          "keyedBy": "name"
        },
        "field": "tags"
      },
      "description": "Global tags specified at the root OpenAPI Document level should be in alphabetical order based on the `name` property.\r\n\r\n**Invalid Example**\r\n\r\n```json lineNumbers\r\n{\r\n   \"tags\":[\r\n      {\r\n         \"name\":\"Z Global Tag\"\r\n      },\r\n      {\r\n         \"name\":\"A Global Tag\"\r\n      }\r\n   ]\r\n}\r\n```\r\n\r\n**Valid Example**\r\n\r\n```json lineNumbers\r\n{\r\n   \"tags\":[\r\n      {\r\n         \"name\":\"A Global Tag\"\r\n      },\r\n      {\r\n         \"name\":\"Z Global Tag\"\r\n      }\r\n   ]\r\n}\r\n```",
      "message": "OpenAPI object should have alphabetical \"tags\"."
    },
    "openapi-tags": {
      "given": [
        "#API_Document"
      ],
      "severity": "warn",
      "then": {
        "function": "schema",
        "functionOptions": {
          "schema": {
            "type": "array",
            "minItems": 1
          }
        },
        "field": "tags"
      },
      "description": "At least one global tag should be specified at the root OpenAPI Document level.\r\n\r\n**Valid Example**\r\n\r\n```json lineNumbers\r\n{\r\n   \"tags\":[\r\n      {\r\n         \"name\":\"Global Tag #1\"\r\n      },\r\n      {\r\n         \"name\":\"Global Tag #2\"\r\n      }\r\n   ]\r\n}\r\n```",
      "message": "OpenAPI object should have non-empty \"tags\" array."
    },
    "operation-description": {
      "given": [
        "#Operation_Object"
      ],
      "severity": "warn",
      "then": {
        "function": "truthy",
        "field": "description"
      },
      "description": "Each operation should have a description. \r\n\r\n**Valid Example**\r\n\r\n```json lineNumbers\r\n{\r\n  \"get\": {\r\n    ... ,\r\n    \"description\": \"Get a list of users.\",\r\n    ... ,\r\n    ... ,\r\n  }\r\n}\r\n```",
      "message": "Operation \"description\" should be present and non-empty string."
    },
    "operation-operationId": {
      "given": [
        "#Operation_Object"
      ],
      "severity": "warn",
      "then": {
        "function": "truthy",
        "field": "operationId"
      },
      "description": "All operations should have an `operationId`.\r\n\r\n**Valid Example**\r\n\r\n```json lineNumbers\r\n{\r\n  \"get\": {\r\n        \"summary\": \"Get users\",\r\n        ... ,\r\n        \"operationId\": \"get-users\"\r\n      }\r\n}\r\n```",
      "message": "Operation should have \"operationId\"."
    },
    "operation-operationId-valid-in-url": {
      "given": [
        "#Operation_Object"
      ],
      "severity": "error",
      "then": {
        "function": "pattern",
        "functionOptions": {
          "match": "^[A-Za-z0-9-._~:/?#\\[\\]@!\\$&'()*+,;=]*$"
        },
        "field": "operationId"
      },
      "description": "Operation IDs must not contain characters that are invalid for URLs. \r\n\r\n**Invalid Example**\r\n\r\nThe `operationId` in this example includes a pipe and space, which are invalid for URLs.\r\n\r\n```json lineNumbers\r\n{\r\n    \"/users\": {\r\n      \"get\": {\r\n        ... ,\r\n         \"operationId\": \"invalid|operationID \",\r\n         ... ,\r\n      }\r\n    }\r\n}\r\n```\r\n\r\n**Valid Example**\r\n\r\nThis `operationId` is valid for URLs.\r\n\r\n```json lineNumbers\r\n{\r\n    \"/users\": {\r\n      \"get\": {\r\n        ... ,\r\n         \"operationId\": \"this-must-be-unique\",\r\n         ... ,\r\n      }\r\n    }\r\n}\r\n```",
      "message": "OperationId should not have characters that are invalid when used in URL."
    },
    "operation-singular-tag": {
      "given": [
        "#API_Tags"
      ],
      "severity": "off",
      "then": {
        "function": "length",
        "functionOptions": {
          "max": 1
        }
      },
      "description": "Operation should not have more than a single tag.",
      "message": "Operation should not have more than a single tag."
    },
    "operation-tags": {
      "given": [
        "#Operation_Object"
      ],
      "severity": "warn",
      "then": {
        "function": "length",
        "functionOptions": {
          "max": 999,
          "min": 1
        },
        "field": "tags"
      },
      "description": "At least one tag should be defined for each operation.\r\n\r\n**Valid Example**\r\n\r\n```json lineNumbers\r\n{\r\n  \"get\": {\r\n     ... ,\r\n     ... ,\r\n     \"tags\": [\r\n        \"Users\"\r\n     ],\r\n  }\r\n}",
      "message": "Operation should have non-empty \"tags\" array."
    },
    "path-declarations-must-exist": {
      "given": [
        "#Path_Item"
      ],
      "severity": "error",
      "then": {
        "function": "pattern",
        "functionOptions": {
          "notMatch": "{}"
        },
        "field": "@key"
      },
      "description": "Path parameter declarations must not be empty.\r\n\r\n**Invalid Example**\r\n\r\n`/users/{}`\r\n\r\n**Valid Example**\r\n\r\n`/users/{userId}`",
      "message": "Path parameter declarations must not be empty, ex.\"/given/{}\" is invalid."
    },
    "contact-name": {
      "given": [
        "#API_Contact"
      ],
      "severity": "warn",
      "then": {
        "function": "truthy",
        "field": "name"
      },
      "description": "The `contact` object should have an organization name. \r\n\r\n**Valid Example**\r\n\r\n```json lineNumbers\r\n{\r\n  \"contact\": {\r\n    \"name\": \"ACME Corporation\",\r\n     ... ,\r\n     ... \r\n},\r\n```\r\n",
      "message": "Contact object should have \"name\""
    },
    "path-keys-no-trailing-slash": {
      "given": [
        "#Path_Object"
      ],
      "severity": "warn",
      "then": {
        "function": "pattern",
        "functionOptions": {
          "notMatch": ".+\\/$"
        },
        "field": "@key"
      },
      "description": "Path keys should not end in forward slashes. This is a best practice for working with web tooling, such as mock servers, code generators, application frameworks, and more).\r\n\r\n**Invalid Example**\r\n\r\n```json\r\n{\r\n \"/users/\": {\r\n```\r\n\r\n**Valid Example**\r\n\r\n```json\r\n{\r\n \"/users\": {\r\n```",
      "message": "Path should not end with slash."
    },
    "path-not-include-query": {
      "given": [
        "#Path_Object"
      ],
      "severity": "warn",
      "then": {
        "function": "pattern",
        "functionOptions": {
          "notMatch": "\\?"
        },
        "field": "@key"
      },
      "description": "Paths should not include `query` string items. Instead, add them as parameters with `in: query`.\r\n\r\n**Invalid Example**\r\n\r\n```json\r\n{\r\n \"/users/{?id}\": {\r\n\r\n```\r\n\r\n**Valid Example**\r\n\r\n```json lineNumbers\r\n{\r\n  \"parameters\": [\r\n    {\r\n      \"schema\": {\r\n        \"type\": \"string\"\r\n      },\r\n      \"name\": \"id\",\r\n      \"in\": \"path\",\r\n      \"required\": true,\r\n      \"description\": \"User's ID\"\r\n    }\r\n  ]\r\n}\r\n\r\n```",
      "message": "Path should not include query string."
    },
    "tag-description": {
      "given": [
        "#API_Tags_Item"
      ],
      "severity": "warn",
      "then": {
        "function": "truthy",
        "field": "description"
      },
      "description": "Tags defined at the global level should have a description.\r\n\r\n**Valid Example**\r\n\r\n```json lineNumbers\r\n{\r\n   \"tags\": [\r\n      {\r\n         \"name\":\"Users\",\r\n         \"description\":\"End-user information\"\r\n      }\r\n   ]\r\n}\r\n```",
      "message": "Tag object should have \"description\"."
    },
    "api-servers": {
      "given": [
        "#API_Server"
      ],
      "severity": "warn",
      "then": {
        "function": "schema",
        "functionOptions": {
          "schema": {
            "type": "array",
            "minItems": 1,
            "items": {
              "type": "object"
            }
          },
          "dialect": "draft7"
        }
      },
      "description": "A server should be defined at the root document level. This can be localhost, a development server, or a production server. \n\n**Valid OpenAPI V3 Example**\n\n```json\n{\n  \"servers\": [\n    {\n      \"url\": \"https://staging.myprodserver.com/v1\",\n      \"description\": \"Staging server\"\n    },\n    {\n      \"url\": \"https://myprodserver.com/v1\",\n      \"description\": \"Production server\"\n    }\n  ]\n}\n```\n\n**Valid OpenAPI V2 Example**\n\n```json\n{\n  \"host\": \"myprodserver.com\",\n  \"basePath\": \"/v2\",\n  \"schemes\": [\n    \"https\"\n  ]\n}\n```\n\n",
      "message": "Server should be present."
    },
    "server-trailing-slash": {
      "given": [
        "#API_Server_URL"
      ],
      "severity": "warn",
      "then": {
        "function": "pattern",
        "functionOptions": {
          "notMatch": "/$"
        }
      },
      "description": "Server URLs should not end in forward slashes. This is a best practice for working with web tooling, such as mock servers, code generators, application frameworks, and more).\r\n\r\n**Invalid Example**\r\n\r\n```json lineNumbers\r\n{  \r\n  \"servers\": [\r\n    {\r\n      ... ,\r\n      \"url\": \"https://api.openweathermap.org/data/2.5/\"\r\n    }\r\n  ]\r\n}\r\n```\r\n\r\n**Valid Example**\r\n\r\n```json lineNumbers\r\n{  \r\n  \"servers\": [\r\n    {\r\n      ... ,\r\n      \"url\": \"https://api.openweathermap.org/data/2.5\"\r\n    }\r\n  ]\r\n}\r\n```",
      "message": "Server URL should not have trailing slash"
    },
    "operation-success-response": {
      "given": [
        "#Operation_Object"
      ],
      "severity": "warn",
      "then": {
        "function": "oasOpSuccessResponse",
        "field": "responses"
      },
      "description": "Operations should have at least one \"2xx\" or \"3xx\" response defined.\r\n\r\n**Invalid Example**\r\n\r\n```json lineNumbers\r\n{\r\n  \"get\": {\r\n      ... ,\r\n      \"responses\": {},\r\n  }\r\n}\r\n```\r\n\r\n**Valid Example**\r\n\r\n```json lineNumbers\r\n{\r\n  \"get\": {\r\n      ... ,\r\n      \"responses\": {\r\n        \"200\": {\r\n          \"description\": \"OK\"\r\n        }\r\n      },\r\n  }\r\n}\r\n```",
      "message": "Operation should have at least one \"2xx\" or \"3xx\" response."
    },
    "path-params": {
      "given": [
        "#API_Document"
      ],
      "severity": "error",
      "then": {
        "function": "oasPathParam"
      },
      "description": "Path parameters must be defined and valid in either the `path-parameters` or the `operation-parameters` object. Likewise, defined `path-parameters` or `operation-parameters` must be used in the `paths` string.\r\n\r\n**Valid Example**\r\n\r\nFor this path:\r\n\r\n`/users/{id}/{location}`\r\n\r\nThe following path parameters must be defined.\r\n\r\n```json lineNumbers\r\n      \"parameters\": [\r\n        {\r\n          \"schema\": {\r\n            \"type\": \"string\"\r\n          },\r\n          \"name\": \"id\",\r\n          \"in\": \"path\",\r\n          \"required\": true,\r\n          \"description\": \"This is the user's ID\"\r\n        },\r\n        {\r\n          \"schema\": {\r\n            \"type\": \"string\"\r\n          },\r\n          \"name\": \"location\",\r\n          \"in\": \"path\",\r\n          \"required\": true,\r\n          \"description\": \"This is the user's location\"\r\n        }\r\n      ]\r\n    }\r\n  },\r\n  ```",
      "message": "{{error}}"
    },
    "operation-parameters": {
      "given": [
        "#Operation_Object"
      ],
      "severity": "warn",
      "then": {
        "function": "oasOpParams",
        "field": "parameters"
      },
      "description": "Operation parameters should be unique and non-repeating:\r\n\r\n* `name` and `in` must be unique\r\n\r\nFor OAS2:\r\n\r\n* Operations should not have `in: body` and `in: formData` parameters.\r\n* Operations should have only one `in: body` parameter.\r\n\r\n**Invalid Example**\r\n\r\nIn this example, the query paramater `\"name\": \"last name\"` is repeated.\r\n\r\n```json lineNumbers\r\n{\r\n  \"parameters\": [\r\n    {\r\n      \"schema\": {\r\n        \"type\": \"string\"\r\n      },\r\n      \"in\": \"query\",\r\n      \"name\": \"last name\",\r\n      \"description\": \"User's last name\"\r\n    },\r\n    {\r\n      \"schema\": {\r\n        \"type\": \"string\"\r\n      },\r\n      \"in\": \"query\",\r\n      \"name\": \"last name\",\r\n      \"description\": \"User's last name\"\r\n    }\r\n  ],\r\n}\r\n```\r\n\r\n**Valid Example**\r\n\r\nIn this example, query parameters are unique.\r\n\r\n```json lineNumbers\r\n{\r\n  \"parameters\": [\r\n    {\r\n      \"schema\": {\r\n        \"type\": \"string\"\r\n      },\r\n      \"in\": \"query\",\r\n      \"name\": \"first name\",\r\n      \"description\": \"User's first name\"\r\n    },\r\n    {\r\n      \"schema\": {\r\n        \"type\": \"string\"\r\n      },\r\n      \"in\": \"query\",\r\n      \"name\": \"last name\",\r\n      \"description\": \"User's last name\"\r\n    }\r\n  ],\r\n}\r\n```",
      "message": "Operation parameters are unique and non-repeating."
    },
    "typed-enum": {
      "given": [
        "$..[?(@ && @.enum && @.type)]"
      ],
      "severity": "warn",
      "then": {
        "function": "typedEnum"
      },
      "description": "All `enum' values should respect the specified type.\r\n\r\n**Invalid Example**\r\n\r\nIn this example, the `enum` type is `integer`, but the values are strings.\r\n\r\n```json lineNumbers\r\n{\r\n    \"schema\": {\r\n      \"type\": \"integer\",\r\n      \"enum\": [\r\n         \"standard\",\r\n         \"metric\",\r\n         \"imperial\"\r\n       ]\r\n     },\r\n```\r\n\r\n**Valid Example**\r\n\r\nIn this example, the `enum` type is `string` and the values are strings.\r\n\r\n```json lineNumbers\r\n{\r\n    \"schema\": {\r\n      \"type\": \"string\",\r\n      \"enum\": [\r\n         \"standard\",\r\n         \"metric\",\r\n         \"imperial\"\r\n       ]\r\n     },",
      "message": "{{error}}"
    },
    "oas2-schema": {
      "given": [
        "#API_Document"
      ],
      "severity": "error",
      "then": {
        "function": "oasDocumentSchema"
      },
      "description": "This Stoplight core rule validates the structure of OpenAPI v2 specification. This rule should never be disabled.",
      "message": "{{error}}",
      "formats": [
        "oas2"
      ]
    },
    "oas3-schema": {
      "given": [
        "#API_Document"
      ],
      "severity": "error",
      "then": {
        "function": "oasDocumentSchema"
      },
      "description": "This Stoplight core rule validates the structure of OpenAPI v3.x specification. This rule should never be disabled.",
      "message": "{{error}}",
      "formats": [
        "oas3"
      ]
    },
    "oas3-unused-component": {
      "given": [
        "#API_Document"
      ],
      "severity": "warn",
      "then": {
        "function": "oasUnusedComponent"
      },
      "description": "A potentially shareable component is not being used. This may be expected, but you should review sharable components to avoid duplicate entry.",
      "message": "{{error}}",
      "formats": [
        "oas3"
      ]
    },
    "operation-operationId-unique": {
      "given": [
        "#API_Document"
      ],
      "severity": "error",
      "then": {
        "function": "oasOpIdUnique"
      },
      "description": "Every operation in a single document must have a unique `operationID`.\r\n\r\n**Valid Example**\r\n\r\nIn this example, the `operationId` is `get-users`. This `operationId` must be unique in an API document.\r\n\r\n```json lineNumbers\r\n{\r\n  \"get\": {\r\n        \"summary\": \"Get users\",\r\n        ... ,\r\n        \"operationId\": \"get-users\"\r\n      }\r\n}\r\n```\r\n",
      "message": "Every operation must have unique operationId"
    },
    "oas2-operation-formData-consume-check": {
      "given": [
        "#Operation_Object"
      ],
      "severity": "error",
      "then": {
        "function": "oasOpFormDataConsumeCheck"
      },
      "description": "Operations with an `in: formData` parameter must include a `consumes` property with one of these values:\r\n\r\n`application/x-www-form-urlencoded`\r\n\r\n`multipart/form-data`\r\n\r\n**Valid Example**\r\n\r\nIn this example, the `consumes` property correctly includes the `multipart/form-data` value.\r\n\r\n```json lineNumbers\r\n{\r\n   \"post\":{\r\n      \"summary\":\"Uploads a file\",\r\n      \"consumes\":[\r\n         \"multipart/form-data\"\r\n      ],\r\n      \"parameters\":[\r\n         {\r\n            \"name\":\"name\",\r\n            \"in\":\"formData\",\r\n            \"description\":\"Upload a file\",\r\n            \"required\":false,\r\n            \"type\":\"string\"\r\n         }\r\n      ]\r\n   }\r\n}",
      "message": "Operations with \"in: formData\" parameter must include \"application/x-www-form-urlencoded\" or \"multipart/form-data\" in their \"consumes\" property.",
      "formats": [
        "oas2"
      ]
    },
    "operation-tag-defined": {
      "given": [
        "#API_Document"
      ],
      "severity": "warn",
      "then": {
        "function": "oasTagDefined"
      },
      "description": "Tags defined at the operation level should also be defined at the global level. \r\n\r\n**Operation-level Example**\r\n\r\n```json lineNumbers\r\n{\r\n  \"get\": {\r\n     ... ,\r\n     ... ,\r\n     \"tags\": [\r\n        \"Users\"\r\n     ],\r\n  }\r\n}  \r\n```\r\n\r\n**Global-level Example**\r\n\r\n```json lineNumbers\r\n{\r\n  \"tags\": [\r\n     {\r\n       \"name\": \"Users\",\r\n       ... ,\r\n     }\r\n  ],\r\n}\r\n\r\n```",
      "message": "Operation tags must be defined in global tags"
    },
    "no-$ref-siblings": {
      "given": [
        "#All_Ref"
      ],
      "severity": "error",
      "then": {
        "function": "refSiblings"
      },
      "description": "Property must not be placed among $ref.",
      "message": "{{error}}",
      "formats": [
        "oas3.0",
        "oas2"
      ]
    },
    "oas2-operation-security-defined": {
      "given": [
        "#API_Document"
      ],
      "severity": "warn",
      "then": {
        "function": "oasOpSecurityDefined",
        "functionOptions": {
          "schemesPath": [
            "securityDefinitions"
          ]
        }
      },
      "description": "Operation `security` values must match a scheme defined in the global `securityDefinitions` object. Empty `security` values for operations are ignored if authentication is not explicity required or is optional.\r\n\r\n**Valid Example**\r\n\r\nFor this global security scheme:\r\n\r\n```json lineNumbers\r\n{\r\n  \"securityDefinitions\": {\r\n    \"API Key\": {\r\n      \"name\": \"API Key\",\r\n      \"type\": \"apiKey\",\r\n      \"in\": \"query\"\r\n    }\r\n  }\r\n}\r\n```\r\n\r\nThis is a valid operation security value:\r\n\r\n```json lineNumbers\r\n{  \"operationId\": \"get-users-userId\",\r\n        \"security\": [\r\n          {\r\n            \"API Key\": []\r\n          }\r\n        ]\r\n}\r\n```\r\n\r\n**Invalid Example**\r\n\r\nFor the same global security scheme, this is an invalid operation security value:\r\n\r\n```json lineNumbers\r\n{  \"operationId\": \"get-users-userId\",\r\n        \"security\": [\r\n          {\r\n            \"oath2\": []\r\n          }\r\n        ]\r\n}\r\n```",
      "message": "{{error}}",
      "formats": [
        "oas2"
      ]
    },
    "oas3-operation-security-defined": {
      "given": [
        "#API_Document"
      ],
      "severity": "warn",
      "then": {
        "function": "oasOpSecurityDefined",
        "functionOptions": {
          "schemesPath": [
            "components",
            "securitySchemes"
          ]
        }
      },
      "description": "Operation `security` values must match a scheme defined in the global `components.security.Schemes` object. \r\n\r\n**Valid Example**\r\n\r\nFor this global security scheme:\r\n\r\n```json lineNumbers\r\n{\r\n\"components\": {\r\n  \"security\": [\r\n    {\r\n      \"app-id\": []\r\n    }\r\n  ]\r\n }\r\n}\r\n```\r\n\r\n`app-id` is a valid operation `security` value:\r\n\r\n```json lineNumbers\r\n{  \r\n    \"get\": {\r\n        \"security\": [\r\n          {\r\n            \"app-id\": []\r\n          }\r\n      ]\r\n  }\r\n}  \r\n```\r\n\r\n**Invalid Example**\r\n\r\nFor the same global security scheme, `oath2` is an invalid operation `security` value:\r\n\r\n```json lineNumbers\r\n{  \r\n    \"get\": {\r\n        \"security\": [\r\n          {\r\n            \"oath2\": []\r\n          }\r\n      ]\r\n  }\r\n}  \r\n```",
      "message": "{{error}}",
      "formats": [
        "oas3"
      ]
    },
    "duplicated-entry-in-enum": {
      "given": [
        "#All_Enum_Object"
      ],
      "severity": "warn",
      "then": {
        "function": "oasSchema",
        "functionOptions": {
          "schema": {
            "type": "array",
            "uniqueItems": true
          }
        },
        "field": "enum"
      },
      "description": "All enum values should be unique.\r\n\r\n**Invalid Example**\r\n\r\nThere are two `json` enum values.\r\n\r\n```json lineNumbers\r\n{\r\n  \"schema\":{\r\n     \"type\":\"string\",\r\n       \"enum\":[\r\n          \"json\",\r\n          \"json\",\r\n          \"html\"\r\n   ]\r\n }\r\n}\r\n```\r\n**Valid Example**\r\n\r\nAll enum values are unique.\r\n\r\n```json lineNumbers\r\n{\r\n  \"schema\":{\r\n     \"type\":\"string\",\r\n       \"enum\":[\r\n          \"json\",\r\n          \"xml\",\r\n          \"html\"\r\n   ]\r\n }\r\n}\r\n```",
      "message": "{{error}}"
    },
    "oas2-api-schemes": {
      "given": [
        "#API_Document"
      ],
      "severity": "error",
      "then": {
        "function": "schema",
        "functionOptions": {
          "schema": {
            "type": "array",
            "minItems": 1,
            "items": {
              "type": "string"
            }
          },
          "dialect": "draft7"
        },
        "field": "schemes"
      },
      "description": "OpenAPI 2 host `schemes` reflect the transfer protocol of the API. Host schemes must be present and an array with one or more of these values: `http`, `https`, `ws`, or `wss`.\r\n\r\n**Valid Example**\r\n\r\nThis example shows that host schemes are `http` and `https`.\r\n\r\n```json\r\n{\r\n   \"schemes\":[\r\n      \"http\",\r\n      \"https\"\r\n   ]\r\n}\r\n \r\n```",
      "message": "OpenAPI host \"schemes\" must be present and non-empty array",
      "formats": [
        "oas2"
      ]
    },
    "oas2-discriminator": {
      "given": [
        "#API_Document"
      ],
      "severity": "error",
      "then": {
        "function": "oasDiscriminator",
        "field": "definitions[?(@.discriminator)]"
      },
      "description": "Discriminator property must be defined and required",
      "message": "Discriminator property must be defined and required",
      "formats": [
        "oas2"
      ]
    },
    "server-not-example": {
      "given": [
        "#API_Server_URL"
      ],
      "severity": "warn",
      "then": {
        "function": "pattern",
        "functionOptions": {
          "notMatch": "example.com"
        }
      },
      "description": "Server URLs must not direct to example.com. This helps ensure URLs are valid before you distribute your API document.\r\n\r\n**Invalid Example**\r\n\r\n```json lineNumbers\r\n{  \r\n  \"servers\": [\r\n    {\r\n      ... ,\r\n      \"url\": \"https://example.com\"\r\n    }\r\n  ]\r\n}\r\n```\r\n\r\n**Valid Example**\r\n\r\n```json lineNumbers\r\n{  \r\n  \"servers\": [\r\n    {\r\n      ... ,\r\n      \"url\": \"https://api.openweathermap.org/data/2.5\"\r\n    }\r\n  ]\r\n}\r\n```",
      "message": "Server URL must not point at example.com."
    },
    "parameter-description": {
      "given": [
        "#Request_Parameter_All"
      ],
      "severity": "warn",
      "then": {
        "function": "truthy",
        "field": "description"
      },
      "description": "All `parameter` objects should have a description.\r\n\r\n**Valid Example**\r\n\r\n```json lineNumbers\r\n{\r\n  \"parameters\": [\r\n    {\r\n      \"schema\": {\r\n        \"type\": \"integer\"\r\n      },\r\n      ... ,\r\n      ... ,\r\n      \"description\": \"The number of days to include in the response.\"\r\n    }\r\n}\r\n```\r\n",
      "message": "Parameter objects must have \"description\"."
    },
    "oas2-anyOf": {
      "given": [
        "#API_Document_RecursiveSearch"
      ],
      "severity": "warn",
      "then": {
        "function": "undefined",
        "field": "anyOf"
      },
      "description": "The `anyOf` keyword is not supported in OAS2. Only `allOf` is supported.\r\n\r\n**Invalid Example**\r\n\r\n```json lineNumbers\r\n{\r\n   \"schema\": {\r\n     \"anyOf\": [\r\n       {\r\n         \"properties\": {\r\n           \"firstName\": {\r\n             \"type\": \"string\"\r\n            },\r\n           \"lastName\": {\r\n             \"type\": \"string\"\r\n            }\r\n          }\r\n        },\r\n        {}\r\n      ],\r\n   }\r\n}\r\n```\r\n\r\n**Valid Example**\r\n\r\n```json lineNumbers\r\n{\r\n  \"schema\": {\r\n              \"type\": \"object\",\r\n              \"properties\": {\r\n                \"firstName\": {\r\n                  \"type\": \"string\"\r\n                },\r\n                \"lastName\": {\r\n                  \"type\": \"string\"\r\n                }\r\n             },\r\n           }\r\n}\r\n```",
      "message": "anyOf is not available in OpenAPI v2, it was added in OpenAPI v3",
      "formats": [
        "oas2"
      ]
    },
    "oas2-oneOf": {
      "given": [
        "#API_Document_RecursiveSearch"
      ],
      "severity": "warn",
      "then": {
        "function": "undefined",
        "field": "oneOf"
      },
      "description": "The `oneOf` keyword is not supported in OAS2. Only `allOf` is supported.\r\n\r\n**Invalid Example**\r\n\r\n```json lineNumbers\r\n{\r\n   \"schema\": {\r\n     \"oneOf\": [\r\n       {\r\n         \"properties\": {\r\n           \"firstName\": {\r\n             \"type\": \"string\"\r\n            },\r\n           \"lastName\": {\r\n             \"type\": \"string\"\r\n            }\r\n          }\r\n        },\r\n        {}\r\n      ],\r\n   }\r\n}\r\n```\r\n\r\n**Valid Example**\r\n\r\n```json lineNumbers\r\n{\r\n  \"schema\": {\r\n              \"type\": \"object\",\r\n              \"properties\": {\r\n                \"firstName\": {\r\n                  \"type\": \"string\"\r\n                },\r\n                \"lastName\": {\r\n                  \"type\": \"string\"\r\n                }\r\n             },\r\n           }\r\n}\r\n```",
      "message": "oneOf is not available in OpenAPI v2, it was added in OpenAPI v3",
      "formats": [
        "oas2"
      ]
    },
    "oas3-examples-value-or-externalValue": {
      "given": [
        "#All_Example"
      ],
      "severity": "warn",
      "then": {
        "function": "xor",
        "functionOptions": {
          "properties": [
            "externalValue",
            "value"
          ]
        }
      },
      "description": "The `examples` object should include a `value` or `externalValue` field, but cannot include both.\r\n\r\n**Invalid Example**\r\n\r\nThis example includes both a `value` field and an `externalValue` field.\r\n\r\n```json lineNumbers\r\n{\r\n    \"examples\": {\r\n      \"example-1\": {\r\n        \"value\": {\r\n          \"id\": \"string\",\r\n          \"name\": \"string\"\r\n       },\r\n        \"externalValue\": {\r\n          \"id\": \"string\",\r\n           \"name\": \"string\"\r\n         }\r\n      }\r\n   }\r\n}\r\n```\r\n\r\n**Valid Example** \r\n\r\nThis example includes only a `value` field.\r\n\r\n```json lineNumbers\r\n{\r\n     \"examples\": {\r\n       \"example-1\": {\r\n         \"value\": {\r\n            \"id\": \"string\",\r\n            \"name\": \"string\"\r\n       }\r\n    }\r\n  }\r\n}",
      "message": "Examples must have either \"value\" or \"externalValue\" field.",
      "formats": [
        "oas3"
      ]
    },
    "oas2-valid-schema-example": {
      "given": [
        "#All_Example_Schema"
      ],
      "severity": "error",
      "then": {
        "function": "oasExample",
        "functionOptions": {
          "oasVersion": 2,
          "schemaField": "$",
          "type": "schema"
        }
      },
      "description": "Examples must be valid against their defined schema. \r\n\r\n**Valid Example**\r\n\r\nThe following schema includes the `name` and `petType` properties.  \r\n\r\n```json lineNumbers\r\n{\r\n   \"Pet\":{\r\n      \"type\":\"object\",\r\n      \"properties\":{\r\n         \"name\":{\r\n            \"type\":\"string\"\r\n         },\r\n         \"petType\":{\r\n            \"type\":\"string\"\r\n         }\r\n      }\r\n   }\r\n}\r\n```\r\n\r\nWhen referenced in a response example, the property names on line 6 and 7 must match those in the schema (`petName` and `petType`).\r\n\r\n```json lineNumbers\r\n{\r\n   \"responses\":{\r\n      \"200\":{\r\n         \"content\":{\r\n            \"application/json\":{\r\n               \"examples\":{\r\n                  \"Pet Example\":{\r\n                     \"petName\":\"Bubbles\",\r\n                     \"petType\":\"Dog\"\r\n                  }\r\n               },\r\n               \"schema\":{\r\n                  \"$ref\":\"#/definitions/Pet\"\r\n               }\r\n            }\r\n         }\r\n      }\r\n   }\r\n}\r\n```",
      "message": "{{error}}",
      "formats": [
        "oas2"
      ]
    },
    "oas3-valid-schema-example": {
      "given": [
        "#All_Example_Schema"
      ],
      "severity": "error",
      "then": {
        "function": "oasExample",
        "functionOptions": {
          "oasVersion": 3,
          "schemaField": "$",
          "type": "schema"
        }
      },
      "description": "Examples must be valid against their defined schema. \r\n\r\n**Valid Example**\r\n\r\nThe following schema includes the `name` and `petType` properties.  \r\n\r\n```json lineNumbers\r\n{\r\n   \"Pet\":{\r\n      \"type\":\"object\",\r\n      \"properties\":{\r\n         \"name\":{\r\n            \"type\":\"string\"\r\n         },\r\n         \"petType\":{\r\n            \"type\":\"string\"\r\n         }\r\n      }\r\n   }\r\n}\r\n```\r\n\r\nWhen referenced in a response example, the property names on line 6 and 7 must match those in the schema (`petName` and `petType`).\r\n\r\n```json lineNumbers\r\n{\r\n   \"responses\":{\r\n      \"200\":{\r\n         \"content\":{\r\n            \"application/json\":{\r\n               \"examples\":{\r\n                  \"Pet Example\":{\r\n                     \"petName\":\"Bubbles\",\r\n                     \"petType\":\"Dog\"\r\n                  }\r\n               },\r\n               \"schema\":{\r\n                  \"$ref\":\"#/definitions/Pet\"\r\n               }\r\n            }\r\n         }\r\n      }\r\n   }\r\n}\r\n```",
      "message": "{{error}}",
      "formats": [
        "oas3"
      ]
    },
    "oas2-valid-media-example": {
      "given": [
        "#All_Example_Media"
      ],
      "severity": "error",
      "then": {
        "function": "oasExample",
        "functionOptions": {
          "oasVersion": 2,
          "schemaField": "schema",
          "type": "media"
        }
      },
      "description": "Examples must be valid against their defined schema. Common reasons you may see errors if:\r\n\r\n* The value used for property examples is not the same type indicated in the schema (string vs. integer, for example).\r\n* Examples contain properties not included in the schema.\r\n\r\n**Valid Example**\r\n\r\nThe following schema indicates that the `id` property is a `string` type.  \r\n\r\n```json lineNumbers\r\n\"User\":{\r\n   \"title\":\"User\",\r\n   \"type\":\"object\",\r\n   \"properties\":{\r\n      \"id\":{\r\n         \"type\":\"string\"\r\n      }\r\n   }\r\n}\r\n```\r\nWhen the example is referenced in a response, the `id` property must be `string`.\r\n\r\n```json lineNumbers\r\n{\r\n   \"responses\":{\r\n      \"200\":{\r\n         \"description\":\"User Found\",\r\n         \"schema\":{\r\n            \"$ref\":\"#/definitions/User\"\r\n         },\r\n         \"examples\":{\r\n            \"Get User Alice Smith\":{\r\n               \"id\": \"smith, alice\",\r\n            }\r\n         }\r\n      },\r\n```",
      "message": "{{error}}",
      "formats": [
        "oas2"
      ]
    },
    "oas3-valid-media-example": {
      "given": [
        "#All_Example_Media"
      ],
      "severity": "error",
      "then": {
        "function": "oasExample",
        "functionOptions": {
          "oasVersion": 3,
          "schemaField": "schema",
          "type": "media"
        }
      },
      "description": "The following schema includes the `name` and `petType` properties.  \r\n\r\n**Valid Example**\r\n\r\n```json lineNumbers\r\n{\r\n   \"Pet\":{\r\n      \"type\":\"object\",\r\n      \"properties\":{\r\n         \"name\":{\r\n            \"type\":\"string\"\r\n         },\r\n         \"petType\":{\r\n            \"type\":\"string\"\r\n         }\r\n      }\r\n   }\r\n}\r\n```\r\n\r\nWhen referenced in a response example, the property names on line 6 and 7 must match those in the schema (`petName` and `petType`).\r\n\r\n```json lineNumbers\r\n{\r\n   \"responses\":{\r\n      \"200\":{\r\n         \"content\":{\r\n            \"application/json\":{\r\n               \"examples\":{\r\n                  \"Pet Example\":{\r\n                     \"petName\":\"Bubbles\",\r\n                     \"petType\":\"Dog\"\r\n                  }\r\n               },\r\n               \"schema\":{\r\n                  \"$ref\":\"#/definitions/Pet\"\r\n               }\r\n            }\r\n         }\r\n      }\r\n   }\r\n}\r\n```",
      "message": "{{error}}",
      "formats": [
        "oas3"
      ]
    },
    "oas3-server-variables": {
      "given": [
        "#All_Servers"
      ],
      "severity": "error",
      "then": {
        "function": "serverVariables",
        "functionOptions": {
          "checkSubstitutions": true
        }
      },
      "description": "This rule ensures that server variables defined in OpenAPI Specification 3 (OAS3) and 3.1 are valid, not unused, and result in a valid URL. Properly defining and using server variables is crucial for the accurate representation of API endpoints and preventing potential misconfigurations or security issues.\n\n**Recommended**: Yes\n\n**Bad Examples**\n\n1. **Missing definition for a URL variable**:\n\n```yaml\nservers:\n  - url: \"https://api.{region}.example.com/v1\"\n    variables:\n      version:\n        default: \"v1\"\n```\n\nIn this example, the variable **`{region}`** in the URL is not defined within the **`variables`** object.\n\n2. **Unused URL variable:**\n\n```yaml\nservers:\n  - url: \"https://api.example.com/v1\"\n    variables:\n      region:\n        default: \"us-west\"\n```\n\nHere, the variable **`region`** is defined but not used in the server URL.\n\n3. **Invalid default value for an allowed value variable**:\n\n```yaml\nservers:\n  - url: \"https://api.{region}.example.com/v1\"\n    variables:\n      region:\n        default: \"us-south\"\n        enum:\n          - \"us-west\"\n          - \"us-east\"\n```\n\nThe default value 'us-south' isn't one of the allowed values in the **`enum`**.\n\n4. **Invalid resultant URL**:\n\n```yaml\nservers:\n  - url: \"https://api.example.com:{port}/v1\"\n    variables:\n      port:\n        default: \"8o80\"\n```\n\nSubstituting the default value of **`{port}`** results in an invalid URL.\n\n**Good Example**\n\n```yaml\nservers:\n  - url: \"https://api.{region}.example.com/{version}\"\n    variables:\n      region:\n        default: \"us-west\"\n        enum:\n          - \"us-west\"\n          - \"us-east\"\n      version:\n        default: \"v1\"\n```\n\nIn this example, both **`{region}`** and **`{version}`** variables are properly defined and used in the server URL. Also, the default value for **`region`** is within the allowed values.",
      "message": "{{error}}",
      "formats": [
        "oas3"
      ]
    },
    "array-items": {
      "given": [
        "#All_Array_Item"
      ],
      "severity": "error",
      "then": {
        "function": "truthy",
        "field": "items"
      },
      "description": "Schemas with `type: array`, require a sibling `items` field.\n\n**Recommended:** Yes\n\n**Good Example**\n\n```yaml\nTheGoodModel:\n  type: object\n  properties:\n    favoriteColorSets:\n      type: array\n      items:\n        type: array\n        items: {}\n```\n\n**Bad Example**\n\n```yaml\nTheBadModel:\n  type: object\n  properties:\n    favoriteColorSets:\n      type: array\n      items:\n        type: array\n```",
      "message": "Schemas with \"type: array\", require a sibling \"items\" field"
    }
  },
  "functions": [
    "sfRequiredFieldCheck",
    "sfStringPropertiesEnumCheck",
    "sfDateFormatCheck",
    "sfCheckJsonProblem",
    "oasDiscriminator",
    "oasDocumentSchema",
    "oasExample",
    "oasOpFormDataConsumeCheck",
    "oasOpIdUnique",
    "oasOpParams",
    "oasOpSecurityDefined",
    "oasOpSuccessResponse",
    "oasPathParam",
    "oasSchema",
    "oasTagDefined",
    "oasUnusedComponent",
    "refSiblings",
    "serverVariables",
    "typedEnum"
  ],
  "functionsDir": "functions"
}